doc_id,company,doctype,title,publish_date,url,final_url,source_domain,section,topic,persona_tags,language,word_count,token_count,ingestion_ts,hash_sha256
crm::press::2024-02-28::salesforce-legal::c00cb576,Salesforce,press,Legal,,https://www.salesforce.com/company/legal/?bc=DB,https://www.salesforce.com/company/legal/?bc=DB,salesforce.com,body,Agentforce|Earnings|Partnership|Product,general,en,365,466,2025-09-07T02:42:28.743207,06131f0861ae447fa28064785a969c6c55a9f6cfa39081d0e7e2a829d41fd966
crm::product::2024-01-01::what-is-salesforce::17018047,Salesforce,product,What is Salesforce?,,https://www.salesforce.com/products/what-is-salesforce/?bc=DB,https://www.salesforce.com/products/what-is-salesforce/?bc=DB,salesforce.com,body,Agentforce|Earnings|Partnership|Product,cio,vp_customer_experience,vp_sales_ops,en,982,1262,2025-09-07T02:42:35.002933,3fb86db2f7b79cd208a7b75ca6a328928b9e867e8e3d2335377260ba49739a23
crm::press::2024-07-20::salesforce-leadership::5fe0d7a5,Salesforce,press,Leadership,,https://www.salesforce.com/company/leadership/?bc=DB,https://www.salesforce.com/company/leadership/?bc=DB,salesforce.com,body,Earnings|Product,general,en,341,564,2025-09-07T02:42:30.744045,335f084ae8b1522b084f6f25a024f559d322266ae0c9c02843235f0d2902271a
crm::press::2025-01-10::salesforce-unveils-agentforce-for-retail-to-boost-productivi::002044b2,Salesforce,press,Salesforce Unveils Agentforce for Retail to Boost Productivity with Digital Labor and Retail Cloud to Unite In-Store and Digital Shopping,2025-01-10,https://www.salesforce.com/news/press-releases/2025/01/10/agentforce-retail-cloud-pos-announcement/?bc=DB,https://www.salesforce.com/news/press-releases/2025/01/10/agentforce-retail-cloud-pos-announcement/?bc=DB,salesforce.com,body,Agentforce|Data Cloud|Earnings|Partnership|Product,cio,vp_customer_experience,vp_sales_ops,en,1644,2323,2025-09-07T02:42:32.612833,a6449bd416626bec16e7d9e3197454ed93e5323d457a31c95d677a098bb37976
crm::press::2025-05-15::salesforce-introduces-new-flexible-agentforce-pricing-to-acc::8a83788d,Salesforce,press,Salesforce Introduces New Flexible Agentforce Pricing to Accelerate the Digital Labor Revolution,2025-05-15,https://www.salesforce.com/news/press-releases/2025/05/15/agentforce-flexible-pricing-news/?bc=DB,https://www.salesforce.com/news/press-releases/2025/05/15/agentforce-flexible-pricing-news/?bc=DB,salesforce.com,body,Agentforce|Data Cloud|Earnings|Partnership|Product,cio,en,1746,2391,2025-09-07T02:42:30.029232,7282ff519c236f5a936987b1480a1dcc63cda7389c71799feb03e3bd6b8bf6fd
crm::press::2025-03-12::salesforce-to-invest-usd-1b-in-singapore-over-5-years::7ff918eb,Salesforce,press,Salesforce to Invest USD $1B in Singapore over 5 Years,2025-03-12,https://www.salesforce.com/news/press-releases/2025/03/11/singapore-investment/?bc=DB,https://www.salesforce.com/news/press-releases/2025/03/11/singapore-investment/?bc=DB,salesforce.com,body,Agentforce|Data Cloud|Earnings|Partnership|Product,cio,vp_sales_ops,en,1428,1980,2025-09-07T02:42:30.801081,6c1822de0456bf8e00247108e1f9d9632293d2b57bf6dd62ad7bb69248c8097f
crm::press::2025-06-03::salesforce-and-liv-golf-announce-strategic-partnership-to-po::2a69d849,Salesforce,press,Salesforce and LIV Golf Announce Strategic Partnership to Power New Era of Fan and Player Experiences with Agentforce,2025-06-03,https://www.salesforce.com/news/press-releases/2025/06/03/liv-golf-agentforce-experiences/?bc=DB,https://www.salesforce.com/news/press-releases/2025/06/03/liv-golf-agentforce-experiences/?bc=DB,salesforce.com,body,Agentforce|Data Cloud|Earnings|Partnership|Product,cio,vp_sales_ops,en,1164,1658,2025-09-07T02:42:31.586311,5e988db4ff7e4679380b4a7f6c744c0770079c390ddbc2b6bfcdcd8933917c74
crm::press::2024-12-04::salesforce-data-reveals-new-cyber-week-all-time-high-314-9b-::6b582980,Salesforce,press,Salesforce Data Reveals New Cyber Week All-Time High: $314.9B in Global Sales,2024-12-04,https://www.salesforce.com/news/press-releases/2024/12/04/cyber-week-ai-sales/?bc=DB,https://www.salesforce.com/news/press-releases/2024/12/04/cyber-week-ai-sales/?bc=DB,salesforce.com,body,Agentforce|Data Cloud|Earnings|Product,cio,en,1516,2222,2025-09-07T02:42:34.545855,12bcb2dc6cf72a5cd83ae2df2c46e6268a654dd0aa5a1c6ce0cfa84a7908a0f9
crm::press::2025-06-03::salesforce-and-liv-golf-announce-strategic-partnership-to-po::3efc9cf4,Salesforce,press,Salesforce and LIV Golf Announce Strategic Partnership to Power New Era of Fan and Player Experiences with Agentforce,2025-06-03,https://www.salesforce.com/news/press-releases/2025/06/03/liv-golf-agentforce-experiences/?bc=DB,https://www.salesforce.com/news/press-releases/2025/06/03/liv-golf-agentforce-experiences/?bc=DB,salesforce.com,body,Agentforce|Data Cloud|Earnings|Partnership|Product,cio,vp_sales_ops,en,1164,1658,2025-09-07T02:42:32.728993,5e988db4ff7e4679380b4a7f6c744c0770079c390ddbc2b6bfcdcd8933917c74
crm::press::2024-12-17::introducing-agentforce-2-0-the-digital-labor-platform-for-bu::960eb6c8,Salesforce,press,Introducing Agentforce 2.0: The Digital Labor Platform for Building a Limitless Workforce,2024-12-17,https://www.salesforce.com/news/press-releases/2024/12/17/agentforce-2-0-announcement/?bc=DB,https://www.salesforce.com/news/press-releases/2024/12/17/agentforce-2-0-announcement/?bc=DB,salesforce.com,body,Agentforce|Data Cloud|Earnings|Partnership|Product,cio,vp_customer_experience,vp_sales_ops,en,3373,4559,2025-09-07T02:42:32.198078,0b9a1cc351e9cdbf67d4142faaa61948ed4395c90826b5f63c396bf11233957f
crm::press::2024-07-15::service-cloud::a246d582,Salesforce,press,Service Cloud: : AI-powered Customer Service Agent Console,,https://www.salesforce.com/service/cloud/?bc=DB,https://www.salesforce.com/service/cloud/?bc=DB,salesforce.com,body,Agentforce|Data Cloud|Earnings|Partnership|Product,cio,vp_customer_experience,vp_sales_ops,en,2257,3091,2025-09-07T02:42:32.356539,b843d2a1139e0f6b9e019ea9c1fc4ffb34756afee10b1caae7149ef4b1588879
crm::press::2025-09-03::salesforce-reports-record-second-quarter-fiscal-2026-results::ef77b971,Salesforce,press,Salesforce Reports Record Second Quarter Fiscal 2026 Results,2025-09-03,https://www.salesforce.com/news/press-releases/2025/09/03/fy26-q2-earnings/?bc=DB,https://www.salesforce.com/news/press-releases/2025/09/03/fy26-q2-earnings/?bc=DB,salesforce.com,body,Agentforce|Data Cloud|Earnings|Product,cio,vp_sales_ops,en,971,1555,2025-09-07T02:42:29.573818,a8d51b448a380dd7739b2d15bc4b4257a11caa0f2822d0e216a591ab0974909e
crm::press::2024-06-30::salesforce-sustainability::d42ed8dd,Salesforce,press,Sustainability,,https://www.salesforce.com/company/sustainability/?bc=DB,https://www.salesforce.com/company/sustainability/?bc=DB,salesforce.com,body,Agentforce|Partnership|Product,cio,en,826,1083,2025-09-07T02:42:34.636311,263ea0ae41d6dff5df55be75a95c9d0d438e8218eaa3db293f0235511e8ea1bc
crm::press::2025-02-10::salesforce-announces-500m-investment-in-saudi-arabia-to-driv::cc9d80ee,Salesforce,press,Salesforce Announces $500M Investment in Saudi Arabia to Drive AI Innovation and Growth,2025-02-10,https://www.salesforce.com/news/press-releases/2025/02/10/saudi-arabia-investment/?bc=DB,https://www.salesforce.com/news/press-releases/2025/02/10/saudi-arabia-investment/?bc=DB,salesforce.com,body,Agentforce|Data Cloud|Partnership|Product,cio,vp_sales_ops,en,869,1288,2025-09-07T02:42:32.778706,4cb73a936bb08d5bbe7821ff9677669c542351182f455bda270e16efb01ff84d
crm::press::2025-05-27::salesforce-signs-definitive-agreement-to-acquire-informatica::54832fce,Salesforce,press,Salesforce Signs Definitive Agreement to Acquire Informatica,2025-05-27,https://www.salesforce.com/news/press-releases/2025/05/27/salesforce-signs-definitive-agreement-to-acquire-informatica/?bc=DB,https://www.salesforce.com/news/press-releases/2025/05/27/salesforce-signs-definitive-agreement-to-acquire-informatica/?bc=DB,salesforce.com,body,Agentforce|Data Cloud|Earnings|Partnership|Product,cio,vp_sales_ops,en,2503,3468,2025-09-07T02:42:31.528520,09e46725c9c50ae8f1ebf99bc49c1c6927e3c7d621cb27557fc3d6b16029f5dc
crm::press::2023-09-07::new-ai-usage-data-shows-who-s-using-ai-and-uncovers-a-popula::88da16ce,Salesforce,press,New AI Usage Data Shows Who’s Using AI — and Uncovers a Population of ‘Super-Users’,2023-09-07,https://www.salesforce.com/news/press-releases/2023/09/07/ai-usage-research/?bc=DB,https://www.salesforce.com/news/press-releases/2023/09/07/ai-usage-research/?bc=DB,salesforce.com,body,Agentforce|Data Cloud|Earnings|Partnership|Product,cio,vp_sales_ops,en,1027,1498,2025-09-07T02:42:33.875773,31995a9ed6b937493f0e39330030ede59496f8178858f3bda61c7221e8526e81
crm::press::2025-09-03::salesforce-reports-record-second-quarter-fiscal-2026-results::fa951792,Salesforce,press,Salesforce Reports Record Second Quarter Fiscal 2026 Results,2025-09-03,https://www.salesforce.com/news/press-releases/2025/09/03/fy26-q2-earnings/?bc=DB,https://www.salesforce.com/news/press-releases/2025/09/03/fy26-q2-earnings/?bc=DB,salesforce.com,body,Agentforce|Data Cloud|Earnings|Product,cio,vp_sales_ops,en,971,1555,2025-09-07T02:42:30.577982,a8d51b448a380dd7739b2d15bc4b4257a11caa0f2822d0e216a591ab0974909e
crm::press::2025-01-06::holiday-shoppers-spend-a-record-1-2t-online-salesforce-data-::5f33196a,Salesforce,press,Holiday Shoppers Spend a Record $1.2T Online, Salesforce Data Shows,2025-01-06,https://www.salesforce.com/news/press-releases/2025/01/06/2024-holiday-shopping-data/?bc=DB,https://www.salesforce.com/news/press-releases/2025/01/06/2024-holiday-shopping-data/?bc=DB,salesforce.com,body,Agentforce|Data Cloud|Earnings|Product,cio,en,1486,2159,2025-09-07T02:42:31.649750,4da7a86ed2a17476f3e5f67c9aeb3c68f7afcb47e863f6157c2666e2deea555a
crm::press::2025-05-27::salesforce-signs-definitive-agreement-to-acquire-informatica::57964710,Salesforce,press,Salesforce Signs Definitive Agreement to Acquire Informatica,2025-05-27,https://www.salesforce.com/news/press-releases/2025/05/27/salesforce-signs-definitive-agreement-to-acquire-informatica/?bc=DB,https://www.salesforce.com/news/press-releases/2025/05/27/salesforce-signs-definitive-agreement-to-acquire-informatica/?bc=DB,salesforce.com,body,Agentforce|Data Cloud|Earnings|Partnership|Product,cio,vp_sales_ops,en,2503,3468,2025-09-07T02:42:29.338041,09e46725c9c50ae8f1ebf99bc49c1c6927e3c7d621cb27557fc3d6b16029f5dc
crm::press::2024-03-15::salesforce-integration::f0468619,Salesforce,press,Integration, Automation, and API Management Solutions by Salesforce,,https://www.salesforce.com/mulesoft/?bc=DB,https://www.salesforce.com/mulesoft/?bc=DB,salesforce.com,body,Agentforce|Partnership|Product,cio,vp_sales_ops,en,1477,1955,2025-09-07T02:42:32.098459,3ee9afe98b4433c02376d3534a928db1802c6cbf3ca0bd7fb5c60ceba25dea1f
crm::press::2024-12-17::introducing-agentforce-2-0-the-digital-labor-platform-for-bu::b6767e51,Salesforce,press,Introducing Agentforce 2.0: The Digital Labor Platform for Building a Limitless Workforce,2024-12-17,https://www.salesforce.com/news/press-releases/2024/12/17/agentforce-2-0-announcement/?bc=DB,https://www.salesforce.com/news/press-releases/2024/12/17/agentforce-2-0-announcement/?bc=DB,salesforce.com,body,Agentforce|Data Cloud|Earnings|Partnership|Product,cio,vp_customer_experience,vp_sales_ops,en,3373,4559,2025-09-07T02:42:30.100444,0b9a1cc351e9cdbf67d4142faaa61948ed4395c90826b5f63c396bf11233957f
crm::press::2025-06-23::salesforce-launches-agentforce-3-to-solve-the-biggest-blocke::0d47e9a6,Salesforce,press,Salesforce Launches Agentforce 3 to Solve the Biggest Blockers to Scaling AI Agents: Visibility and Control,2025-06-23,https://www.salesforce.com/news/press-releases/2025/06/23/agentforce-3-announcement/?bc=DB,https://www.salesforce.com/news/press-releases/2025/06/23/agentforce-3-announcement/?bc=DB,salesforce.com,body,Agentforce|Data Cloud|Earnings|Partnership|Product,cio,vp_customer_experience,vp_sales_ops,en,2906,4019,2025-09-07T02:42:31.064336,27b62250c0fb8afa3e7566cc41023059ad791313dd4c59adc864771ffeddbe25
crm::press::2024-12-04::salesforce-data-reveals-new-cyber-week-all-time-high-314-9b-::22fc03d0,Salesforce,press,Salesforce Data Reveals New Cyber Week All-Time High: $314.9B in Global Sales,2024-12-04,https://www.salesforce.com/news/press-releases/2024/12/04/cyber-week-ai-sales/?bc=DB,https://www.salesforce.com/news/press-releases/2024/12/04/cyber-week-ai-sales/?bc=DB,salesforce.com,body,Agentforce|Data Cloud|Earnings|Product,cio,en,1516,2222,2025-09-07T02:42:33.382677,12bcb2dc6cf72a5cd83ae2df2c46e6268a654dd0aa5a1c6ce0cfa84a7908a0f9
crm::10-K::2015-08-31::fy25-form-10-k::4c26cea2,Salesforce,10-K,crm-20250131,2015-08-31,https://www.sec.gov/Archives/edgar/data/1108524/000110852425000006/crm-20250131.htm,https://www.sec.gov/Archives/edgar/data/1108524/000110852425000006/crm-20250131.htm,sec.gov,body,Agentforce|Data Cloud|Earnings|Partnership|Product,cio,vp_customer_experience,vp_sales_ops,en,61478,91230,2025-09-07T02:42:26.726492,20e57cbbe511f2323d1b1417e3b6bf486e7a8d6cb4f09a494f73148adb223967
crm::press::2025-03-04::salesforce-launches-agentexchange-the-trusted-marketplace-fo::79c83fa9,Salesforce,press,Salesforce Launches AgentExchange: the Trusted Marketplace for Agentforce,2025-03-04,https://www.salesforce.com/news/press-releases/2025/03/04/agentexchange-announcement/?bc=DB,https://www.salesforce.com/news/press-releases/2025/03/04/agentexchange-announcement/?bc=DB,salesforce.com,body,Agentforce|Data Cloud|Earnings|Partnership|Product,cio,vp_customer_experience,vp_sales_ops,en,1972,2845,2025-09-07T02:42:29.757035,1dacde0c136c4629252d65221ac1df4d001e2e42657f95e3aa0b1999476855ff
crm::press::2024-05-30::commerce-cloud::79bc8c33,Salesforce,press,Commerce Cloud is the growth engine for customer companies.,,https://www.salesforce.com/commerce/?bc=DB,https://www.salesforce.com/commerce/?bc=DB,salesforce.com,body,Agentforce|Earnings|Partnership|Product,cio,vp_sales_ops,en,1398,1871,2025-09-07T02:42:31.319627,b4e0b0fa64a531dd971a2fdcfcf931dd0a3d8ace2c8b2fc16e55a488d2d545ac
crm::press::2025-07-09::salesforce-appoints-amy-chang-and-david-b-kirk-to-its-board-::00f814f5,Salesforce,press,Salesforce Appoints Amy Chang and David B. Kirk to its Board of Directors,2025-07-09,https://www.salesforce.com/news/press-releases/2025/07/09/salesforce-appoints-amy-chang-and-david-b-kirk-to-its-board-of-directors/?bc=DB,https://www.salesforce.com/news/press-releases/2025/07/09/salesforce-appoints-amy-chang-and-david-b-kirk-to-its-board-of-directors/?bc=DB,salesforce.com,body,Agentforce|Data Cloud|Partnership|Product,cio,vp_customer_experience,en,955,1387,2025-09-07T02:42:28.677545,9765bab96f4906072172321f7bc7393e3d8a5ae61671a87703a49b329983360a
crm::press::2025-05-29::salesforce-partners-with-ferrari-to-elevate-the-client-8217-::6029cc32,Salesforce,press,Salesforce Partners with Ferrari to Elevate the Client&#8217;s Journey Worldwide,2025-05-29,https://www.salesforce.com/news/press-releases/2025/05/28/ferrari-agentforce-crm-elevates-client-experience/?bc=DB,https://www.salesforce.com/news/press-releases/2025/05/28/ferrari-agentforce-crm-elevates-client-experience/?bc=DB,salesforce.com,body,Agentforce|Data Cloud|Earnings|Partnership|Product,cio,en,899,1312,2025-09-07T02:42:30.156416,759639d9de85bcb7e1fe5d7691bec71a3fb734c9f661599980d1bef80312beb3
crm::press::2025-02-10::salesforce-announces-500m-investment-in-saudi-arabia-to-driv::54322663,Salesforce,press,Salesforce Announces $500M Investment in Saudi Arabia to Drive AI Innovation and Growth,2025-02-10,https://www.salesforce.com/news/press-releases/2025/02/10/saudi-arabia-investment/?bc=DB,https://www.salesforce.com/news/press-releases/2025/02/10/saudi-arabia-investment/?bc=DB,salesforce.com,body,Agentforce|Data Cloud|Partnership|Product,cio,vp_sales_ops,en,869,1288,2025-09-07T02:42:29.683401,4cb73a936bb08d5bbe7821ff9677669c542351182f455bda270e16efb01ff84d
crm::press::2025-05-15::salesforce-introduces-new-flexible-agentforce-pricing-to-acc::3d0f8a61,Salesforce,press,Salesforce Introduces New Flexible Agentforce Pricing to Accelerate the Digital Labor Revolution,2025-05-15,https://www.salesforce.com/news/press-releases/2025/05/15/agentforce-flexible-pricing-news/?bc=DB,https://www.salesforce.com/news/press-releases/2025/05/15/agentforce-flexible-pricing-news/?bc=DB,salesforce.com,body,Agentforce|Data Cloud|Earnings|Partnership|Product,cio,en,1746,2391,2025-09-07T02:42:29.398466,7282ff519c236f5a936987b1480a1dcc63cda7389c71799feb03e3bd6b8bf6fd
crm::press::2025-03-05::salesforce-launches-agentforce-2dx-new-capabilities-embed-pr::a14f1f36,Salesforce,press,Salesforce Launches Agentforce 2dx: New Capabilities Embed Proactive Agentic AI into Any Workflow, Create Multimodal Experiences, Extend Digital Labor,2025-03-05,https://www.salesforce.com/news/press-releases/2025/03/05/agentforce-2dx-news/?bc=DB,https://www.salesforce.com/news/press-releases/2025/03/05/agentforce-2dx-news/?bc=DB,salesforce.com,body,Agentforce|Data Cloud|Earnings|Partnership|Product,cio,vp_sales_ops,en,3141,4234,2025-09-07T02:42:33.222747,c7d4a6e332b25a7d85086f9399f8acf9dec861b8d215b2ba82d1c097fb5e1fd8
crm::press::2025-06-03::salesforce-and-liv-golf-announce-strategic-partnership-to-po::f7f8420e,Salesforce,press,Salesforce and LIV Golf Announce Strategic Partnership to Power New Era of Fan and Player Experiences with Agentforce,2025-06-03,https://www.salesforce.com/news/press-releases/2025/06/03/liv-golf-agentforce-experiences/?bc=DB,https://www.salesforce.com/news/press-releases/2025/06/03/liv-golf-agentforce-experiences/?bc=DB,salesforce.com,body,Agentforce|Data Cloud|Earnings|Partnership|Product,cio,vp_sales_ops,en,1164,1658,2025-09-07T02:42:29.129734,5e988db4ff7e4679380b4a7f6c744c0770079c390ddbc2b6bfcdcd8933917c74
crm::press::2025-06-03::press-releases-archive::11098bf3,Salesforce,press,Press Releases Archive,2025-06-03,https://www.salesforce.com/news/press-releases/?bc=DB,https://www.salesforce.com/news/press-releases/?bc=DB,salesforce.com,body,Agentforce|Data Cloud|Partnership|Product,cio,vp_sales_ops,en,411,797,2025-09-07T02:42:31.406219,99c5c5346e1a096984f78f438f6065834df86c04aab909850d3ed22a079ced9d
crm::press::2023-07-24::salesforce-privacy::c517fb3f,Salesforce,press,Privacy Page,,https://www.salesforce.com/company/legal/privacy/?bc=DB,https://www.salesforce.com/company/legal/privacy/?bc=DB,salesforce.com,body,Earnings|Partnership|Product,cio,en,9226,11073,2025-09-07T02:42:32.491610,d0bdd03798228a370ed83d0a7a1f06d399958ac2e6724e4ab971630db21d42ce
crm::press::2025-09-03::salesforce-reports-record-second-quarter-fiscal-2026-results::005f6412,Salesforce,press,Salesforce Reports Record Second Quarter Fiscal 2026 Results,2025-09-03,https://www.salesforce.com/news/press-releases/2025/09/03/fy26-q2-earnings/?bc=DB,https://www.salesforce.com/news/press-releases/2025/09/03/fy26-q2-earnings/?bc=DB,salesforce.com,body,Agentforce|Data Cloud|Earnings|Product,cio,vp_sales_ops,en,971,1555,2025-09-07T02:42:32.671382,a8d51b448a380dd7739b2d15bc4b4257a11caa0f2822d0e216a591ab0974909e
crm::press::2024-09-12::about-salesforce-company::3ae394fc,Salesforce,press,Salesforce develops the technology, the partnerships, and the communities that help companies connect with customers.,,https://www.salesforce.com/company/our-story/?bc=DB,https://www.salesforce.com/company/our-story/?bc=DB,salesforce.com,body,Agentforce|Data Cloud|Earnings|Partnership|Product,cio,vp_sales_ops,en,856,1136,2025-09-07T02:42:34.236303,daf6a83db2a9b98b75800a82267782ed25c603a72a05c7624998940ee08f4f67
crm::press::2025-01-06::holiday-shoppers-spend-a-record-1-2t-online-salesforce-data-::927f1bad,Salesforce,press,Holiday Shoppers Spend a Record $1.2T Online, Salesforce Data Shows,2025-01-06,https://www.salesforce.com/news/press-releases/2025/01/06/2024-holiday-shopping-data/?bc=DB,https://www.salesforce.com/news/press-releases/2025/01/06/2024-holiday-shopping-data/?bc=DB,salesforce.com,body,Agentforce|Data Cloud|Earnings|Product,cio,en,1486,2159,2025-09-07T02:42:31.726862,4da7a86ed2a17476f3e5f67c9aeb3c68f7afcb47e863f6157c2666e2deea555a
crm::dev_docs::2024-01-01::examples-agentforce-agents-agentforce-developer-gu::62fd6b36,Salesforce,dev_docs,Examples | Agentforce Agents | Agentforce Developer Guide | Salesforce Developers,,https://developer.salesforce.com/docs/einstein/genai/guide/agent-api-examples.html,https://developer.salesforce.com/docs/einstein/genai/guide/agent-api-examples.html,salesforce.com,body,Agentforce|Data Cloud,general,en,947,1266,2025-09-07T02:42:35.049721,64fa37b5a3de5c5b89c53ca0c299a1745163d602e2f6584084960301fa525628
crm::10-Q::2020-02-12::fy26-q1-10-q::e16f2866,Salesforce,10-Q,crm-20250430,2020-02-12,https://www.sec.gov/Archives/edgar/data/1108524/000110852425000030/crm-20250430.htm,https://www.sec.gov/Archives/edgar/data/1108524/000110852425000030/crm-20250430.htm,sec.gov,body,Agentforce|Data Cloud|Earnings|Partnership|Product,cio,vp_customer_experience,vp_sales_ops,en,42742,62470,2025-09-07T02:42:28.087760,c5ea832e00f6ad58f996b75eacfc877cdb97c7b02353fddaa1b536d5f180b018
crm::press::2025-03-12::salesforce-to-invest-usd-1b-in-singapore-over-5-years::588517d1,Salesforce,press,Salesforce to Invest USD $1B in Singapore over 5 Years,2025-03-12,https://www.salesforce.com/news/press-releases/2025/03/11/singapore-investment/?bc=DB,https://www.salesforce.com/news/press-releases/2025/03/11/singapore-investment/?bc=DB,salesforce.com,body,Agentforce|Data Cloud|Earnings|Partnership|Product,cio,vp_sales_ops,en,1428,1980,2025-09-07T02:42:34.481750,6c1822de0456bf8e00247108e1f9d9632293d2b57bf6dd62ad7bb69248c8097f
crm::wiki::1999-03-08::salesforce::6b727edd,Salesforce,wiki,Salesforce - Wikipedia,1999-03-08,https://en.wikipedia.org/wiki/Salesforce,https://en.wikipedia.org/wiki/Salesforce,wikipedia.org,body,Agentforce|Earnings|Partnership|Product,cio,vp_customer_experience,vp_sales_ops,en,8203,15084,2025-09-07T02:42:35.445985,405a4c4dfe829bb3a621a484923b0ee4fbe04253c400ee3ff66f9ba76ebd1c31
crm::press::2024-09-05::salesforce-platform::a8686c16,Salesforce,press,Salesforce Platform for Application Development,,https://www.salesforce.com/platform/?bc=DB,https://www.salesforce.com/platform/?bc=DB,salesforce.com,body,Agentforce|Data Cloud|Partnership|Product,cio,vp_sales_ops,en,1037,1339,2025-09-07T02:42:33.319600,4a4bcf77e6e24187957565aa4412b81a0af8e0d8e38d6faec492415f0ba52457
crm::press::2025-02-26::salesforce-announces-fourth-quarter-and-fiscal-year-2025-res::eec1d5f8,Salesforce,press,Salesforce Announces Fourth Quarter and Fiscal Year 2025 Results,2025-02-26,https://www.salesforce.com/news/press-releases/2025/02/26/fy25-q4-earnings/?bc=DB,https://www.salesforce.com/news/press-releases/2025/02/26/fy25-q4-earnings/?bc=DB,salesforce.com,body,Agentforce|Data Cloud|Earnings|Product,cio,vp_sales_ops,en,992,1569,2025-09-07T02:42:32.922236,163676b622a5d1cfea388313c652b062c9cff4ae8e0d271e0212545eec1549fb
crm::press::2025-02-26::salesforce-announces-fourth-quarter-and-fiscal-year-2025-res::cc5a491a,Salesforce,press,Salesforce Announces Fourth Quarter and Fiscal Year 2025 Results,2025-02-26,https://www.salesforce.com/news/press-releases/2025/02/26/fy25-q4-earnings/?bc=DB,https://www.salesforce.com/news/press-releases/2025/02/26/fy25-q4-earnings/?bc=DB,salesforce.com,body,Agentforce|Data Cloud|Earnings|Product,cio,vp_sales_ops,en,992,1569,2025-09-07T02:42:31.466241,163676b622a5d1cfea388313c652b062c9cff4ae8e0d271e0212545eec1549fb
crm::press::2025-05-27::salesforce-signs-definitive-agreement-to-acquire-informatica::4b3d0a75,Salesforce,press,Salesforce Signs Definitive Agreement to Acquire Informatica,2025-05-27,https://www.salesforce.com/news/press-releases/2025/05/27/salesforce-signs-definitive-agreement-to-acquire-informatica/?bc=DB,https://www.salesforce.com/news/press-releases/2025/05/27/salesforce-signs-definitive-agreement-to-acquire-informatica/?bc=DB,salesforce.com,body,Agentforce|Data Cloud|Earnings|Partnership|Product,cio,vp_sales_ops,en,2503,3468,2025-09-07T02:42:29.018071,09e46725c9c50ae8f1ebf99bc49c1c6927e3c7d621cb27557fc3d6b16029f5dc
crm::press::2025-06-03::press-releases-archive::7fb39c35,Salesforce,press,Press Releases Archive,2025-06-03,https://www.salesforce.com/news/press-releases/?bc=DB,https://www.salesforce.com/news/press-releases/?bc=DB,salesforce.com,body,Agentforce|Data Cloud|Partnership|Product,cio,vp_sales_ops,en,411,797,2025-09-07T02:42:30.632504,99c5c5346e1a096984f78f438f6065834df86c04aab909850d3ed22a079ced9d
crm::press::2025-03-04::salesforce-launches-agentexchange-the-trusted-marketplace-fo::6a407410,Salesforce,press,Salesforce Launches AgentExchange: the Trusted Marketplace for Agentforce,2025-03-04,https://www.salesforce.com/news/press-releases/2025/03/04/agentexchange-announcement/?bc=DB,https://www.salesforce.com/news/press-releases/2025/03/04/agentexchange-announcement/?bc=DB,salesforce.com,body,Agentforce|Data Cloud|Earnings|Partnership|Product,cio,vp_customer_experience,vp_sales_ops,en,1972,2845,2025-09-07T02:42:30.285926,1dacde0c136c4629252d65221ac1df4d001e2e42657f95e3aa0b1999476855ff
crm::press::2025-06-23::salesforce-launches-agentforce-3-to-solve-the-biggest-blocke::1b1b9420,Salesforce,press,Salesforce Launches Agentforce 3 to Solve the Biggest Blockers to Scaling AI Agents: Visibility and Control,2025-06-23,https://www.salesforce.com/news/press-releases/2025/06/23/agentforce-3-announcement/?bc=DB,https://www.salesforce.com/news/press-releases/2025/06/23/agentforce-3-announcement/?bc=DB,salesforce.com,body,Agentforce|Data Cloud|Earnings|Partnership|Product,cio,vp_customer_experience,vp_sales_ops,en,2906,4019,2025-09-07T02:42:29.516698,27b62250c0fb8afa3e7566cc41023059ad791313dd4c59adc864771ffeddbe25
crm::help_docs::2024-09-07::salesforce-help::b0daabdf,Salesforce,help_docs,Salesforce Help,2024-09-07,https://help.salesforce.com/s/articleView?id=sf.copilot_intro.htm&language=en_US&type=5,https://help.salesforce.com/s/articleView?id=sf.copilot_intro.htm&language=en_US&type=5,salesforce.com,body,General,general,en,10,16,2025-09-07T02:42:35.090843,3625488564d493f9df8bd913c2f29f74130408b1282aa4926675082aa6e7a0d6
crm::press::2025-02-10::salesforce-announces-500m-investment-in-saudi-arabia-to-driv::6917743a,Salesforce,press,Salesforce Announces $500M Investment in Saudi Arabia to Drive AI Innovation and Growth,2025-02-10,https://www.salesforce.com/news/press-releases/2025/02/10/saudi-arabia-investment/?bc=DB,https://www.salesforce.com/news/press-releases/2025/02/10/saudi-arabia-investment/?bc=DB,salesforce.com,body,Agentforce|Data Cloud|Partnership|Product,cio,vp_sales_ops,en,869,1288,2025-09-07T02:42:29.446694,4cb73a936bb08d5bbe7821ff9677669c542351182f455bda270e16efb01ff84d
crm::press::2025-06-03::press-releases-archive::636f5978,Salesforce,press,Press Releases Archive,2025-06-03,https://www.salesforce.com/news/press-releases/?bc=DB,https://www.salesforce.com/news/press-releases/?bc=DB,salesforce.com,body,Agentforce|Data Cloud|Partnership|Product,cio,vp_sales_ops,en,411,797,2025-09-07T02:42:32.548667,99c5c5346e1a096984f78f438f6065834df86c04aab909850d3ed22a079ced9d
crm::product::2025-06-11::agentforce-the-ai-agent-platform::5d10c49a,Salesforce,product,Agentforce: The AI Agent Platform,,https://www.salesforce.com/agentforce/?bc=DB,https://www.salesforce.com/agentforce/?bc=DB,salesforce.com,body,Agentforce|Data Cloud|Earnings|Partnership|Product,cio,vp_customer_experience,vp_sales_ops,en,2308,3037,2025-09-07T02:42:34.919638,25d371422e58b6de770a44a2be56c2d5ca266d18a0eb5d6af9f93a5bda9cd2c1
crm::press::2024-12-04::salesforce-data-reveals-new-cyber-week-all-time-high-314-9b-::fe44d919,Salesforce,press,Salesforce Data Reveals New Cyber Week All-Time High: $314.9B in Global Sales,2024-12-04,https://www.salesforce.com/news/press-releases/2024/12/04/cyber-week-ai-sales/?bc=DB,https://www.salesforce.com/news/press-releases/2024/12/04/cyber-week-ai-sales/?bc=DB,salesforce.com,body,Agentforce|Data Cloud|Earnings|Product,cio,en,1516,2222,2025-09-07T02:42:30.863511,12bcb2dc6cf72a5cd83ae2df2c46e6268a654dd0aa5a1c6ce0cfa84a7908a0f9
crm::press::2025-02-05::salesforce-appoints-robin-washington-as-president-and-chief-::27845ea6,Salesforce,press,Salesforce Appoints Robin Washington as President and Chief Operating and Financial Officer,2025-02-05,https://www.salesforce.com/news/press-releases/2025/02/05/salesforce-appoints-robin-washington-as-president-and-chief-operating-and-financial-officer/?bc=DB,https://www.salesforce.com/news/press-releases/2025/02/05/salesforce-appoints-robin-washington-as-president-and-chief-operating-and-financial-officer/?bc=DB,salesforce.com,body,Agentforce|Data Cloud|Partnership|Product,cio,en,889,1321,2025-09-07T02:42:31.967513,86dee6e93a7bf2a0dcd66cacfc70266b33f9fccc2736c35ba24720f48742622a
crm::press::2025-03-04::salesforce-launches-agentexchange-the-trusted-marketplace-fo::d2d576d0,Salesforce,press,Salesforce Launches AgentExchange: the Trusted Marketplace for Agentforce,2025-03-04,https://www.salesforce.com/news/press-releases/2025/03/04/agentexchange-announcement/?bc=DB,https://www.salesforce.com/news/press-releases/2025/03/04/agentexchange-announcement/?bc=DB,salesforce.com,body,Agentforce|Data Cloud|Earnings|Partnership|Product,cio,vp_customer_experience,vp_sales_ops,en,1972,2845,2025-09-07T02:42:31.201121,1dacde0c136c4629252d65221ac1df4d001e2e42657f95e3aa0b1999476855ff
crm::press::2024-12-17::introducing-agentforce-2-0-the-digital-labor-platform-for-bu::b279bba4,Salesforce,press,Introducing Agentforce 2.0: The Digital Labor Platform for Building a Limitless Workforce,2024-12-17,https://www.salesforce.com/news/press-releases/2024/12/17/agentforce-2-0-announcement/?bc=DB,https://www.salesforce.com/news/press-releases/2024/12/17/agentforce-2-0-announcement/?bc=DB,salesforce.com,body,Agentforce|Data Cloud|Earnings|Partnership|Product,cio,vp_customer_experience,vp_sales_ops,en,3373,4559,2025-09-07T02:42:29.969225,0b9a1cc351e9cdbf67d4142faaa61948ed4395c90826b5f63c396bf11233957f
crm::press::2023-09-07::new-ai-usage-data-shows-who-s-using-ai-and-uncovers-a-popula::bfcb75e5,Salesforce,press,New AI Usage Data Shows Who’s Using AI — and Uncovers a Population of ‘Super-Users’,2023-09-07,https://www.salesforce.com/news/press-releases/2023/09/07/ai-usage-research/?bc=DB,https://www.salesforce.com/news/press-releases/2023/09/07/ai-usage-research/?bc=DB,salesforce.com,body,Agentforce|Data Cloud|Earnings|Partnership|Product,cio,vp_sales_ops,en,1027,1498,2025-09-07T02:42:33.751893,31995a9ed6b937493f0e39330030ede59496f8178858f3bda61c7221e8526e81
crm::press::2025-02-24::salesforce-and-google-bring-gemini-to-agentforce-enable-more::0e9489b3,Salesforce,press,Salesforce and Google Bring Gemini to Agentforce, Enable More Customer Choice in Major Partnership Expansion,2025-02-24,https://www.salesforce.com/news/press-releases/2025/02/24/google-partnership-expansion-gemini-agentforce/?bc=DB,https://www.salesforce.com/news/press-releases/2025/02/24/google-partnership-expansion-gemini-agentforce/?bc=DB,salesforce.com,body,Agentforce|Data Cloud|Partnership|Product,cio,vp_customer_experience,vp_sales_ops,en,2093,2806,2025-09-07T02:42:33.815923,d9e18a7c370337857bff17f682fead7bd657299add08956a4ff7ce17c6b8d3f9
crm::press::2024-06-20::sales-cloud::df3fdedd,Salesforce,press,Salesforce Automation Software by Sales Cloud,,https://www.salesforce.com/sales/cloud/?bc=DB,https://www.salesforce.com/sales/cloud/?bc=DB,salesforce.com,body,Agentforce|Data Cloud|Earnings|Partnership|Product,cio,vp_sales_ops,en,1653,2304,2025-09-07T02:42:30.386851,3e8b42f6093dafd82d701150aa05a7753175c13f750af0947828f86b3d7d4d60
crm::press::2025-05-29::salesforce-partners-with-ferrari-to-elevate-the-client-8217-::4e179049,Salesforce,press,Salesforce Partners with Ferrari to Elevate the Client&#8217;s Journey Worldwide,2025-05-29,https://www.salesforce.com/news/press-releases/2025/05/28/ferrari-agentforce-crm-elevates-client-experience/?bc=DB,https://www.salesforce.com/news/press-releases/2025/05/28/ferrari-agentforce-crm-elevates-client-experience/?bc=DB,salesforce.com,body,Agentforce|Data Cloud|Earnings|Partnership|Product,cio,en,899,1312,2025-09-07T02:42:29.212458,759639d9de85bcb7e1fe5d7691bec71a3fb734c9f661599980d1bef80312beb3
crm::press::2025-08-26::newsroom::39cb1c1e,Salesforce,press,Salesforce Newsroom,2025-08-26,https://www.salesforce.com/news/?bc=DB,https://www.salesforce.com/news/?bc=DB,salesforce.com,body,Agentforce|Data Cloud|Earnings|Partnership|Product,cio,vp_sales_ops,en,986,1656,2025-09-07T02:42:28.423383,a596719cc0b4389dc10afaf6a3692c25588c8cb76957a33e2a4b2d097314c6f1
crm::press::2025-02-05::salesforce-appoints-robin-washington-as-president-and-chief-::7290f155,Salesforce,press,Salesforce Appoints Robin Washington as President and Chief Operating and Financial Officer,2025-02-05,https://www.salesforce.com/news/press-releases/2025/02/05/salesforce-appoints-robin-washington-as-president-and-chief-operating-and-financial-officer/?bc=DB,https://www.salesforce.com/news/press-releases/2025/02/05/salesforce-appoints-robin-washington-as-president-and-chief-operating-and-financial-officer/?bc=DB,salesforce.com,body,Agentforce|Data Cloud|Partnership|Product,cio,en,889,1321,2025-09-07T02:42:33.690349,86dee6e93a7bf2a0dcd66cacfc70266b33f9fccc2736c35ba24720f48742622a
crm::press::2025-09-03::salesforce-reports-record-second-quarter-fiscal-2026-results::89e40177,Salesforce,press,Salesforce Reports Record Second Quarter Fiscal 2026 Results,2025-09-03,https://www.salesforce.com/news/press-releases/2025/09/03/fy26-q2-earnings/?bc=DB,https://www.salesforce.com/news/press-releases/2025/09/03/fy26-q2-earnings/?bc=DB,salesforce.com,body,Agentforce|Data Cloud|Earnings|Product,cio,vp_sales_ops,en,971,1555,2025-09-07T02:42:28.622617,a8d51b448a380dd7739b2d15bc4b4257a11caa0f2822d0e216a591ab0974909e
crm::press::2025-01-10::salesforce-unveils-agentforce-for-retail-to-boost-productivi::e42f48e8,Salesforce,press,Salesforce Unveils Agentforce for Retail to Boost Productivity with Digital Labor and Retail Cloud to Unite In-Store and Digital Shopping,2025-01-10,https://www.salesforce.com/news/press-releases/2025/01/10/agentforce-retail-cloud-pos-announcement/?bc=DB,https://www.salesforce.com/news/press-releases/2025/01/10/agentforce-retail-cloud-pos-announcement/?bc=DB,salesforce.com,body,Agentforce|Data Cloud|Earnings|Partnership|Product,cio,vp_customer_experience,vp_sales_ops,en,1644,2323,2025-09-07T02:42:30.518308,a6449bd416626bec16e7d9e3197454ed93e5323d457a31c95d677a098bb37976
crm::press::2025-05-28::salesforce-reports-record-first-quarter-fiscal-2026-results-::4674b686,Salesforce,press,Salesforce Reports Record First Quarter Fiscal 2026 Results Exceeds Guidance Across All Metrics; cRPO up 12% Y/Y,2025-05-28,https://www.salesforce.com/news/press-releases/2025/05/28/fy26-q1-earnings/?bc=DB,https://www.salesforce.com/news/press-releases/2025/05/28/fy26-q1-earnings/?bc=DB,salesforce.com,body,Agentforce|Data Cloud|Earnings|Product,cio,vp_sales_ops,en,1061,1658,2025-09-07T02:42:33.935503,c1b6f9e80410a0b3ec0def8129be9a96afce61b23cb60aad71f97aa7d0e2072b
crm::dev_docs::2024-01-01::chat-with-agents-using-agent-api-agentforce-agents::6f4b900c,Salesforce,dev_docs,Chat with Agents Using Agent API | Agentforce Agents | Agentforce Developer Guide | Salesforce Developers,,https://developer.salesforce.com/docs/einstein/genai/guide/agent-api.html,https://developer.salesforce.com/docs/einstein/genai/guide/agent-api.html,salesforce.com,body,Agentforce,cio,en,151,189,2025-09-07T02:42:35.082720,bd0d59adb6e31d33d3671d9490fc5cdf3252c1151a628112b73592fb9addd63c
crm::press::2025-07-09::salesforce-appoints-amy-chang-and-david-b-kirk-to-its-board-::3a4e3d81,Salesforce,press,Salesforce Appoints Amy Chang and David B. Kirk to its Board of Directors,2025-07-09,https://www.salesforce.com/news/press-releases/2025/07/09/salesforce-appoints-amy-chang-and-david-b-kirk-to-its-board-of-directors/?bc=DB,https://www.salesforce.com/news/press-releases/2025/07/09/salesforce-appoints-amy-chang-and-david-b-kirk-to-its-board-of-directors/?bc=DB,salesforce.com,body,Agentforce|Data Cloud|Partnership|Product,cio,vp_customer_experience,en,955,1387,2025-09-07T02:42:30.209546,9765bab96f4906072172321f7bc7393e3d8a5ae61671a87703a49b329983360a
crm::press::2025-05-08::salesforce-unveils-life-sciences-partner-network-to-accelera::cc927792,Salesforce,press,Salesforce Unveils Life Sciences Partner Network to Accelerate Digital Labor and Data Programs,2025-05-08,https://www.salesforce.com/news/press-releases/2025/05/08/partner-network-for-life-sciences-announcement/?bc=DB,https://www.salesforce.com/news/press-releases/2025/05/08/partner-network-for-life-sciences-announcement/?bc=DB,salesforce.com,body,Agentforce|Data Cloud|Earnings|Partnership|Product,cio,vp_sales_ops,en,1959,2823,2025-09-07T02:42:33.063941,4692ecc00106237da0b97e09fdca9b8b371a2eaa0906638773b5375f5a3d8b84
crm::press::2024-02-28::salesforce-data-cloud::4ca56502,Salesforce,press,Salesforce Data Cloud,,https://www.salesforce.com/data/?bc=DB,https://www.salesforce.com/data/?bc=DB,salesforce.com,body,Agentforce|Data Cloud|Earnings|Partnership|Product,cio,vp_sales_ops,en,1430,1834,2025-09-07T02:42:34.423270,270a6726748e8fea9f1d2acb6c845f1dd950e8fd99f6f61b268323a64ff68778
crm::press::2025-05-08::salesforce-unveils-life-sciences-partner-network-to-accelera::ef6df9c2,Salesforce,press,Salesforce Unveils Life Sciences Partner Network to Accelerate Digital Labor and Data Programs,2025-05-08,https://www.salesforce.com/news/press-releases/2025/05/08/partner-network-for-life-sciences-announcement/?bc=DB,https://www.salesforce.com/news/press-releases/2025/05/08/partner-network-for-life-sciences-announcement/?bc=DB,salesforce.com,body,Agentforce|Data Cloud|Earnings|Partnership|Product,cio,vp_sales_ops,en,1959,2823,2025-09-07T02:42:34.305489,4692ecc00106237da0b97e09fdca9b8b371a2eaa0906638773b5375f5a3d8b84
crm::8-K::2025-04-30::8-k-q1-fy26-results::35792ff4,Salesforce,8-K,crm-20250528,2025-04-30,https://www.sec.gov/Archives/edgar/data/1108524/000110852425000027/crm-20250528.htm,https://www.sec.gov/Archives/edgar/data/1108524/000110852425000027/crm-20250528.htm,sec.gov,body,Earnings|Product,general,en,550,931,2025-09-07T02:42:26.761948,15ee7e6aecc24afae51b6da6abbdb0c8e454dea123fd9466f677d2fef71c0d07
crm::press::2025-02-24::salesforce-and-google-bring-gemini-to-agentforce-enable-more::ad65ba87,Salesforce,press,Salesforce and Google Bring Gemini to Agentforce, Enable More Customer Choice in Major Partnership Expansion,2025-02-24,https://www.salesforce.com/news/press-releases/2025/02/24/google-partnership-expansion-gemini-agentforce/?bc=DB,https://www.salesforce.com/news/press-releases/2025/02/24/google-partnership-expansion-gemini-agentforce/?bc=DB,salesforce.com,body,Agentforce|Data Cloud|Partnership|Product,cio,vp_customer_experience,vp_sales_ops,en,2093,2806,2025-09-07T02:42:29.276326,d9e18a7c370337857bff17f682fead7bd657299add08956a4ff7ce17c6b8d3f9
crm::press::2025-09-03::salesforce-reports-record-second-quarter-fiscal-2026-results::99c172d2,Salesforce,press,Salesforce Reports Record Second Quarter Fiscal 2026 Results,2025-09-03,https://www.salesforce.com/news/press-releases/2025/09/03/fy26-q2-earnings/?bc=DB,https://www.salesforce.com/news/press-releases/2025/09/03/fy26-q2-earnings/?bc=DB,salesforce.com,body,Agentforce|Data Cloud|Earnings|Product,cio,vp_sales_ops,en,971,1555,2025-09-07T02:42:28.952601,a8d51b448a380dd7739b2d15bc4b4257a11caa0f2822d0e216a591ab0974909e
crm::press::2025-05-15::salesforce-introduces-new-flexible-agentforce-pricing-to-acc::00b24504,Salesforce,press,Salesforce Introduces New Flexible Agentforce Pricing to Accelerate the Digital Labor Revolution,2025-05-15,https://www.salesforce.com/news/press-releases/2025/05/15/agentforce-flexible-pricing-news/?bc=DB,https://www.salesforce.com/news/press-releases/2025/05/15/agentforce-flexible-pricing-news/?bc=DB,salesforce.com,body,Agentforce|Data Cloud|Earnings|Partnership|Product,cio,en,1746,2391,2025-09-07T02:42:29.634024,7282ff519c236f5a936987b1480a1dcc63cda7389c71799feb03e3bd6b8bf6fd
crm::press::2025-09-03::salesforce-reports-record-second-quarter-fiscal-2026-results::dad718de,Salesforce,press,Salesforce Reports Record Second Quarter Fiscal 2026 Results,2025-09-03,https://www.salesforce.com/news/press-releases/2025/09/03/fy26-q2-earnings/?bc=DB,https://www.salesforce.com/news/press-releases/2025/09/03/fy26-q2-earnings/?bc=DB,salesforce.com,body,Agentforce|Data Cloud|Earnings|Product,cio,vp_sales_ops,en,971,1555,2025-09-07T02:42:29.816333,a8d51b448a380dd7739b2d15bc4b4257a11caa0f2822d0e216a591ab0974909e
crm::press::2025-02-26::salesforce-announces-fourth-quarter-and-fiscal-year-2025-res::67bb6187,Salesforce,press,Salesforce Announces Fourth Quarter and Fiscal Year 2025 Results,2025-02-26,https://www.salesforce.com/news/press-releases/2025/02/26/fy25-q4-earnings/?bc=DB,https://www.salesforce.com/news/press-releases/2025/02/26/fy25-q4-earnings/?bc=DB,salesforce.com,body,Agentforce|Data Cloud|Earnings|Product,cio,vp_sales_ops,en,992,1569,2025-09-07T02:42:34.157144,163676b622a5d1cfea388313c652b062c9cff4ae8e0d271e0212545eec1549fb
crm::press::2025-05-28::salesforce-reports-record-first-quarter-fiscal-2026-results-::be4649b4,Salesforce,press,Salesforce Reports Record First Quarter Fiscal 2026 Results Exceeds Guidance Across All Metrics; cRPO up 12% Y/Y,2025-05-28,https://www.salesforce.com/news/press-releases/2025/05/28/fy26-q1-earnings/?bc=DB,https://www.salesforce.com/news/press-releases/2025/05/28/fy26-q1-earnings/?bc=DB,salesforce.com,body,Agentforce|Data Cloud|Earnings|Product,cio,vp_sales_ops,en,1061,1658,2025-09-07T02:42:30.922708,c1b6f9e80410a0b3ec0def8129be9a96afce61b23cb60aad71f97aa7d0e2072b
crm::press::2025-02-24::salesforce-and-google-bring-gemini-to-agentforce-enable-more::980fbb98,Salesforce,press,Salesforce and Google Bring Gemini to Agentforce, Enable More Customer Choice in Major Partnership Expansion,2025-02-24,https://www.salesforce.com/news/press-releases/2025/02/24/google-partnership-expansion-gemini-agentforce/?bc=DB,https://www.salesforce.com/news/press-releases/2025/02/24/google-partnership-expansion-gemini-agentforce/?bc=DB,salesforce.com,body,Agentforce|Data Cloud|Partnership|Product,cio,vp_customer_experience,vp_sales_ops,en,2093,2806,2025-09-07T02:42:28.805557,d9e18a7c370337857bff17f682fead7bd657299add08956a4ff7ce17c6b8d3f9
crm::press::2025-03-05::salesforce-launches-agentforce-2dx-new-capabilities-embed-pr::f1ea912b,Salesforce,press,Salesforce Launches Agentforce 2dx: New Capabilities Embed Proactive Agentic AI into Any Workflow, Create Multimodal Experiences, Extend Digital Labor,2025-03-05,https://www.salesforce.com/news/press-releases/2025/03/05/agentforce-2dx-news/?bc=DB,https://www.salesforce.com/news/press-releases/2025/03/05/agentforce-2dx-news/?bc=DB,salesforce.com,body,Agentforce|Data Cloud|Earnings|Partnership|Product,cio,vp_sales_ops,en,3141,4234,2025-09-07T02:42:33.542661,c7d4a6e332b25a7d85086f9399f8acf9dec861b8d215b2ba82d1c097fb5e1fd8
crm::8-K::2025-06-05::proxy-meeting-results-2025-06-05::47c09586,Salesforce,8-K,crm-20250605,2025-06-05,https://www.sec.gov/Archives/edgar/data/1108524/000110852425000033/crm-20250605.htm,https://www.sec.gov/Archives/edgar/data/1108524/000110852425000033/crm-20250605.htm,sec.gov,body,Earnings|Product,cio,en,797,1592,2025-09-07T02:42:26.823314,2433c5b496309f16b259950cac146b9fed67482fe74bb155bf76e444863ea078
crm::product::2024-01-01::salesforce-data-cloud::04dae357,Salesforce,product,Salesforce Data Cloud,,https://www.salesforce.com/data/?bc=DB,https://www.salesforce.com/data/?bc=DB,salesforce.com,body,Agentforce|Data Cloud|Earnings|Partnership|Product,cio,vp_sales_ops,en,1430,1834,2025-09-07T02:42:34.782819,270a6726748e8fea9f1d2acb6c845f1dd950e8fd99f6f61b268323a64ff68778
crm::press::2025-01-10::salesforce-unveils-agentforce-for-retail-to-boost-productivi::c42dce02,Salesforce,press,Salesforce Unveils Agentforce for Retail to Boost Productivity with Digital Labor and Retail Cloud to Unite In-Store and Digital Shopping,2025-01-10,https://www.salesforce.com/news/press-releases/2025/01/10/agentforce-retail-cloud-pos-announcement/?bc=DB,https://www.salesforce.com/news/press-releases/2025/01/10/agentforce-retail-cloud-pos-announcement/?bc=DB,salesforce.com,body,Agentforce|Data Cloud|Earnings|Partnership|Product,cio,vp_customer_experience,vp_sales_ops,en,1644,2323,2025-09-07T02:42:34.071161,a6449bd416626bec16e7d9e3197454ed93e5323d457a31c95d677a098bb37976
crm::press::2025-02-05::salesforce-appoints-robin-washington-as-president-and-chief-::87a78c33,Salesforce,press,Salesforce Appoints Robin Washington as President and Chief Operating and Financial Officer,2025-02-05,https://www.salesforce.com/news/press-releases/2025/02/05/salesforce-appoints-robin-washington-as-president-and-chief-operating-and-financial-officer/?bc=DB,https://www.salesforce.com/news/press-releases/2025/02/05/salesforce-appoints-robin-washington-as-president-and-chief-operating-and-financial-officer/?bc=DB,salesforce.com,body,Agentforce|Data Cloud|Partnership|Product,cio,en,889,1321,2025-09-07T02:42:29.070985,86dee6e93a7bf2a0dcd66cacfc70266b33f9fccc2736c35ba24720f48742622a
crm::dev_docs::2024-01-01::agentforce-agents-agentforce-developer-guide::5ac08bad,Salesforce,dev_docs,Agentforce Agents | Agentforce Developer Guide | Salesforce Developers,,https://developer.salesforce.com/docs/einstein/genai/guide/get-started-agents.html,https://developer.salesforce.com/docs/einstein/genai/guide/get-started-agents.html,salesforce.com,body,Agentforce|Earnings|Partnership|Product,cio,vp_sales_ops,en,716,936,2025-09-07T02:42:35.072007,a5163c47b95c3210689523aa40a78d04dd1a076e150e0878f35fcd02c93b2323
crm::press::None::news::6335e2de,Salesforce,press,Salesforce.com, Inc. - Investor News,,https://investor.salesforce.com/news/default.aspx,https://investor.salesforce.com/news/default.aspx,salesforce.com,body,General,general,en,25,37,2025-09-07T02:42:28.462850,b462536163ca6efe4c61e402b0d81b3200cea570b8fa1d9d68a95b7a693e880a
crm::press::2025-03-05::salesforce-launches-agentforce-2dx-new-capabilities-embed-pr::af1bdf2e,Salesforce,press,Salesforce Launches Agentforce 2dx: New Capabilities Embed Proactive Agentic AI into Any Workflow, Create Multimodal Experiences, Extend Digital Labor,2025-03-05,https://www.salesforce.com/news/press-releases/2025/03/05/agentforce-2dx-news/?bc=DB,https://www.salesforce.com/news/press-releases/2025/03/05/agentforce-2dx-news/?bc=DB,salesforce.com,body,Agentforce|Data Cloud|Earnings|Partnership|Product,cio,vp_sales_ops,en,3141,4234,2025-09-07T02:42:34.010595,c7d4a6e332b25a7d85086f9399f8acf9dec861b8d215b2ba82d1c097fb5e1fd8
crm::press::2025-07-09::salesforce-appoints-amy-chang-and-david-b-kirk-to-its-board-::c224c273,Salesforce,press,Salesforce Appoints Amy Chang and David B. Kirk to its Board of Directors,2025-07-09,https://www.salesforce.com/news/press-releases/2025/07/09/salesforce-appoints-amy-chang-and-david-b-kirk-to-its-board-of-directors/?bc=DB,https://www.salesforce.com/news/press-releases/2025/07/09/salesforce-appoints-amy-chang-and-david-b-kirk-to-its-board-of-directors/?bc=DB,salesforce.com,body,Agentforce|Data Cloud|Partnership|Product,cio,vp_customer_experience,en,955,1387,2025-09-07T02:42:29.869292,9765bab96f4906072172321f7bc7393e3d8a5ae61671a87703a49b329983360a
crm::dev_docs::2024-01-01::get-started-agentforce-agents-agentforce-developer::202f14da,Salesforce,dev_docs,Get Started | Agentforce Agents | Agentforce Developer Guide | Salesforce Developers,,https://developer.salesforce.com/docs/einstein/genai/guide/agent-api-get-started.html,https://developer.salesforce.com/docs/einstein/genai/guide/agent-api-get-started.html,salesforce.com,body,Agentforce|Earnings|Product,cio,en,1157,1547,2025-09-07T02:42:35.026946,30196dd8efd55ce3f034ab2546a433be948649636b3ae11fcd6b27070c0c39df
crm::press::2025-03-12::salesforce-to-invest-usd-1b-in-singapore-over-5-years::39a267af,Salesforce,press,Salesforce to Invest USD $1B in Singapore over 5 Years,2025-03-12,https://www.salesforce.com/news/press-releases/2025/03/11/singapore-investment/?bc=DB,https://www.salesforce.com/news/press-releases/2025/03/11/singapore-investment/?bc=DB,salesforce.com,body,Agentforce|Data Cloud|Earnings|Partnership|Product,cio,vp_sales_ops,en,1428,1980,2025-09-07T02:42:33.467241,6c1822de0456bf8e00247108e1f9d9632293d2b57bf6dd62ad7bb69248c8097f
crm::press::2024-08-10::marketing-cloud::7ce342b2,Salesforce,press,Build better relationships that drive growth with Marketing Cloud,,https://www.salesforce.com/marketing/?bc=DB,https://www.salesforce.com/marketing/?bc=DB,salesforce.com,body,Agentforce|Data Cloud|Earnings|Partnership|Product,cio,vp_sales_ops,en,1719,2220,2025-09-07T02:42:31.873194,006a86ae776975b212d91681fab531c4cb3b33ba96de515e93a8b3202ddc64b0
crm::press::2025-05-08::salesforce-unveils-life-sciences-partner-network-to-accelera::86839d22,Salesforce,press,Salesforce Unveils Life Sciences Partner Network to Accelerate Digital Labor and Data Programs,2025-05-08,https://www.salesforce.com/news/press-releases/2025/05/08/partner-network-for-life-sciences-announcement/?bc=DB,https://www.salesforce.com/news/press-releases/2025/05/08/partner-network-for-life-sciences-announcement/?bc=DB,salesforce.com,body,Agentforce|Data Cloud|Earnings|Partnership|Product,cio,vp_sales_ops,en,1959,2823,2025-09-07T02:42:30.456505,4692ecc00106237da0b97e09fdca9b8b371a2eaa0906638773b5375f5a3d8b84
crm::press::2024-05-25::salesforce-equality::874ae8c4,Salesforce,press,Equality at Salesforce,,https://www.salesforce.com/company/equality/?bc=DB,https://www.salesforce.com/company/equality/?bc=DB,salesforce.com,body,Agentforce|Partnership|Product,general,en,881,1117,2025-09-07T02:42:32.996198,6e506364ad4ea7c3f65b1ba0abc4912d812c7021edca69b003f2a3f2648f8c07
crm::press::2025-06-23::salesforce-launches-agentforce-3-to-solve-the-biggest-blocke::9ef74628,Salesforce,press,Salesforce Launches Agentforce 3 to Solve the Biggest Blockers to Scaling AI Agents: Visibility and Control,2025-06-23,https://www.salesforce.com/news/press-releases/2025/06/23/agentforce-3-announcement/?bc=DB,https://www.salesforce.com/news/press-releases/2025/06/23/agentforce-3-announcement/?bc=DB,salesforce.com,body,Agentforce|Data Cloud|Earnings|Partnership|Product,cio,vp_customer_experience,vp_sales_ops,en,2906,4019,2025-09-07T02:42:30.993162,27b62250c0fb8afa3e7566cc41023059ad791313dd4c59adc864771ffeddbe25
crm::8-K::2025-01-31::8-k-fy25-results::d14102e8,Salesforce,8-K,crm-20250226,2025-01-31,https://www.sec.gov/Archives/edgar/data/1108524/000110852425000002/crm-20250226.htm,https://www.sec.gov/Archives/edgar/data/1108524/000110852425000002/crm-20250226.htm,sec.gov,body,Earnings|Product,general,en,551,929,2025-09-07T02:42:24.771377,1cafc7e2f95a94643fcff2e3bd8e0039aa9b17c9338f3afd5598f590650d9fdf
crm::press::2024-08-15::salesforce-careers::4964b777,Salesforce,press,Careers at Salesforce | Be Part of What’s Next,,https://www.salesforce.com/company/careers/?bc=DB,https://www.salesforce.com/company/careers/?bc=DB,salesforce.com,body,Agentforce|Earnings|Partnership|Product,cio,vp_sales_ops,en,1233,1588,2025-09-07T02:42:33.147449,0a17c28b037106171c1e9bfa2bfa58686dae56772fffd8f0001e0901ddba96d4
crm::press::2025-01-06::holiday-shoppers-spend-a-record-1-2t-online-salesforce-data-::796a8bdf,Salesforce,press,Holiday Shoppers Spend a Record $1.2T Online, Salesforce Data Shows,2025-01-06,https://www.salesforce.com/news/press-releases/2025/01/06/2024-holiday-shopping-data/?bc=DB,https://www.salesforce.com/news/press-releases/2025/01/06/2024-holiday-shopping-data/?bc=DB,salesforce.com,body,Agentforce|Data Cloud|Earnings|Product,cio,en,1486,2159,2025-09-07T02:42:28.868922,4da7a86ed2a17476f3e5f67c9aeb3c68f7afcb47e863f6157c2666e2deea555a
crm::press::2024-04-25::salesforce-analytics::afc4c82e,Salesforce,press,Tableau: Visual Analytics from Salesforce,,https://www.salesforce.com/analytics/?bc=DB,https://www.salesforce.com/analytics/?bc=DB,salesforce.com,body,Agentforce|Data Cloud|Partnership|Product,cio,vp_sales_ops,en,850,1118,2025-09-07T02:42:33.636693,c494b3a095304e1b36e95108f5cfdd583cb266bce303c91c3438076ce9c32319
crm::press::2025-05-28::salesforce-reports-record-first-quarter-fiscal-2026-results-::f4935117,Salesforce,press,Salesforce Reports Record First Quarter Fiscal 2026 Results Exceeds Guidance Across All Metrics; cRPO up 12% Y/Y,2025-05-28,https://www.salesforce.com/news/press-releases/2025/05/28/fy26-q1-earnings/?bc=DB,https://www.salesforce.com/news/press-releases/2025/05/28/fy26-q1-earnings/?bc=DB,salesforce.com,body,Agentforce|Data Cloud|Earnings|Product,cio,vp_sales_ops,en,1061,1658,2025-09-07T02:42:31.124753,c1b6f9e80410a0b3ec0def8129be9a96afce61b23cb60aad71f97aa7d0e2072b
crm::press::2025-05-29::salesforce-partners-with-ferrari-to-elevate-the-client-8217-::a722a5a3,Salesforce,press,Salesforce Partners with Ferrari to Elevate the Client&#8217;s Journey Worldwide,2025-05-29,https://www.salesforce.com/news/press-releases/2025/05/28/ferrari-agentforce-crm-elevates-client-experience/?bc=DB,https://www.salesforce.com/news/press-releases/2025/05/28/ferrari-agentforce-crm-elevates-client-experience/?bc=DB,salesforce.com,body,Agentforce|Data Cloud|Earnings|Partnership|Product,cio,en,899,1312,2025-09-07T02:42:32.862171,759639d9de85bcb7e1fe5d7691bec71a3fb734c9f661599980d1bef80312beb3
